,Wavelength (nm),10.54,2.34,3.51,4.68,5.85,7.03,8.2,9.37
0,900.4884167037656,-0.5006287900238326,2.215835765833833,,-0.4998845656944124,-0.5025158171294456,-0.5035582099561345,-0.5005939283783423,-0.5036229286054835
1,904.4282812398017,-0.5080033482377065,2.647683832254746,1.7645947397283368,-0.5110719235981979,-0.5135575243456171,-0.5112439088654555,-0.5100213999052438,-0.5091870672864613
2,907.0524586942647,-0.509703956674621,,1.9075662861242728,-0.5129675212898847,-0.5113013429915692,-0.5136681658960092,-0.5118506652210121,-0.5105119149476803
3,909.6747170264126,-0.5089884785381227,1.868958664404846,2.4904267214992,-0.5146524293824328,-0.5167916419238228,-0.5115381073778126,-0.5111072461567362,-0.5094194508790327
4,913.6045061702932,-0.5084459515910704,,1.6814177439750106,-0.5186529363527188,-0.5164594088292133,-0.5133844813367802,-0.5117295097709837,-0.5096916988475924
5,916.2219666966533,-0.5063963424146553,,1.6742120402917255,-0.5194961877047468,-0.5148026716478847,-0.5126816966483548,-0.5100676158217472,-0.5070488802655186
6,920.1445591318517,-0.5032726554252418,1.9497652070845808,1.8639833841746307,-0.5200555923630394,-0.5142458799754027,-0.5120286362078298,-0.5084544833829965,-0.5038500007041274
7,922.7572218524233,-0.5011276897782627,,2.7859622260681247,-0.5210813522051112,-0.5147429730618499,-0.5099376798608876,-0.5067431206448362,-0.5020611323290038
8,926.6726175789394,-0.5020199331365288,,1.8234063759583976,-0.5231974935382447,-0.5173232628953792,-0.5079470603150159,-0.5034491009995758,-0.5009966866976896
9,929.2804824937227,-0.5049611412750343,,1.6027737046881028,-0.5181670019503634,-0.5149799479437973,-0.5069408219988837,-0.5041311099483918,-0.5039440909309325
10,931.886428286191,-0.5056865538754517,2.0695687021232527,2.057110726894679,-0.5166848110756666,-0.5085513171069883,-0.5061972967648065,-0.5061051987819327,-0.5051123382222562
11,935.7917486205521,-0.506709507556495,,1.632132457438192,-0.5152602950381778,-0.5135357134224204,-0.5093249979184964,-0.5065631595639439,-0.5069496354407703
12,938.392896607232,-0.5088671437115786,3.2490515288050847,3.125688234515031,-0.5169100833716879,-0.5113464234721732,-0.5077462307718508,-0.5075297700680536,-0.507543618635739
13,942.2910202329108,-0.511190075428904,1.850177565543532,1.793818882639049,-0.5137918361279991,-0.50920588505788,-0.5085978463949242,-0.5079041591280063,-0.5103647177463033
14,944.8873704138026,-0.5125911234565594,,1.7773112221103275,-0.5134679349985452,-0.5098133477072718,-0.5093657240377845,-0.5095013680981005,-0.5117147029255301
15,948.7782973307992,-0.5145650744258089,3.13656203658998,1.6548382234306391,-0.512423951662818,-0.5114218043489176,-0.5113670043990658,-0.5124036231876992,-0.5130571990551558
16,951.3698497059028,-0.5165483051789396,,1.7998087915279466,-0.5137629633716767,-0.5170742004752047,-0.5137846276285026,-0.5132307712547021,-0.5149989473655379
17,953.9594829586913,-0.5181724616813621,1.7774580427633568,1.6836473071414657,-0.5166063589320395,-0.51852439595529,-0.5147526281036796,-0.5159313520358045,-0.5172943333819979
18,957.8403344835326,-0.521941731496258,1.7898732648746485,1.8642633032831952,-0.5170573076825689,-0.5157466111348304,-0.5163802591863021,-0.5177732678910173,-0.5191212198880518
19,960.4251699305327,-0.5247355819742876,2.140002483044176,1.948472924289296,-0.5183292616246447,-0.5194099179702816,-0.5180410541190339,-0.5189434639569467,-0.5230347693224126
20,964.298824746692,-0.5262338898562043,,1.680442701538254,-0.5192151245415373,-0.521195820311409,-0.5195785412590035,-0.5215401379928684,-0.5253537213251783
21,966.8788623879041,-0.5275918593892353,1.9831694639324688,1.832371542949626,-0.5212426638474652,-0.5208378702424423,-0.5216995435620315,-0.5238442038554739,-0.5261398798951552
22,970.7453204953811,-0.530121661763545,1.9741886613618644,1.7024435922401993,-0.5228888544383298,-0.524376452931714,-0.5240584293283042,-0.5261335767996124,-0.5271602706215732
23,973.3205603308047,-0.5323181697323309,2.0677732303783958,1.673331272892001,-0.5255597133750293,-0.5266285984688042,-0.5264955497287359,-0.5268326707995499,-0.5297699994622319
24,975.8938810439133,-0.5344071526350986,,1.811770375506144,-0.5271715532025946,-0.5306095509080254,-0.5270344099291743,-0.528484012449517,-0.5317033470415152
25,979.7502637592353,-0.5379063097456621,2.0213816349818075,1.795125976485506,-0.5290175687424066,-0.5305268170547129,-0.5280861459661798,-0.5304443432538443,-0.53390765348713
26,982.3187866665556,-0.5397552380233975,3.3720831085742526,1.7327886499421834,-0.5290500582960204,-0.5277869940672928,-0.5295291676815769,-0.5325606573787696,-0.5369906099867819
27,986.167972673195,-0.5416109589329089,1.859109481242252,1.7453784485262889,-0.529115732278336,-0.5333159907577767,-0.5309967958562678,-0.5344335217844571,-0.5392071612560628
28,988.7316977747273,-0.5436402005063413,2.3090214855015896,1.743331985609062,-0.5301717451530635,-0.533795520043309,-0.533192372306836,-0.5365141813648132,-0.5402580827490363
29,992.5736870726846,-0.5466344092314172,2.3930317341449303,1.7311468466168771,-0.5321650817583827,-0.5337899980230685,-0.5351271655200999,-0.5386805500082723,-0.5417675959655021
30,995.1326143684288,-0.5484499090421188,2.445849914443888,1.598298996659038,-0.5332577263889121,-0.535958242791926,-0.5371366172161807,-0.5404532910799333,-0.5448185029329436
31,997.6896225418576,-0.5502595833468759,2.6546675697686144,1.6297516979639708,-0.535258791307019,-0.5384554954623659,-0.5390031016122806,-0.5420936183898453,-0.5464694274958695
32,1001.5215364476596,-0.5515649199509606,2.171547170532497,1.7092699609758308,-0.5364921121908095,-0.5422295904979212,-0.5398463984580196,-0.5437359443861656,-0.5485413056347832
33,1004.0737468153004,-0.5525047009822,2.989894563718773,1.7007261874325372,-0.5382560786701422,-0.542546037521928,-0.541126449535418,-0.5457364517145946,-0.5502855647920938
34,1007.8984640124202,-0.5524190685954943,2.1711197225529992,1.6817200386569517,-0.5385233985198693,-0.5402557381007448,-0.5428606555739803,-0.547633319266719,-0.5511702266927041
35,1010.4458765742728,-0.553466158383969,2.1457773739862738,1.6899391010376408,-0.5386054692402908,-0.5455599276393828,-0.544721953609386,-0.5489781135354938,-0.5520439409004585
36,1014.2633970627103,-0.5543425157587184,2.3790597154669197,1.681407793267141,-0.5404762625838994,-0.5457635425697893,-0.5465206077662383,-0.5499005271543779,-0.551975282422492
37,1016.8060118187746,-0.5542221790467777,2.0672693998216847,1.6819701233904325,-0.5418771796000388,-0.5458317734295041,-0.5483313962939573,-0.5513741110336795,-0.5529966754443723
38,1019.3467074525237,-0.5538776349967268,2.1691639516415804,1.6818400165713685,-0.5428599921613075,-0.5474121464887484,-0.5490528909333682,-0.5515816748161043,-0.5536206118087686
39,1023.154152548806,-0.5533319715919689,2.1541760370764167,1.6962921602546703,-0.5450107151119017,-0.5481006589595048,-0.5498293858779407,-0.5516671111936001,-0.5534670476941539
40,1025.690050376767,-0.5533684146676748,2.2840442476733305,1.6842594385771594,-0.5459668181695833,-0.5511530654090872,-0.550409332587107,-0.5526235162276537,-0.5530910886466265
41,1029.4902987643673,-0.5532225481134865,2.06134432456493,1.6487847352006084,-0.54598297726659,-0.5517082643709378,-0.5507068015412121,-0.5528637970041678,-0.5528829309193761
42,1032.02139878654,-0.5526858670441506,2.160922952342668,1.6356095081231818,-0.5466326944253144,-0.5481598067869193,-0.5509752479649018,-0.5526334401280151,-0.5528177393874081
43,1035.814450465458,-0.5507272411730666,2.218921213529788,1.6792441437259802,-0.547257432936374,-0.5509332608056468,-0.5518269693105283,-0.5525345064380202,-0.5528454045182553
44,1038.3407526818423,-0.5506162662405791,2.1138573164861896,1.6554036572013506,-0.5470734532174834,-0.5516609729567941,-0.5520550521461864,-0.5520871329610395,-0.5521631776656031
45,1042.1266076520778,-0.5506166257914187,2.7267553050629334,1.7026296855866525,-0.5475621627990825,-0.5493590804995363,-0.5517959960323278,-0.5522363971818495,-0.5510911035159444
46,1044.6481120626745,-0.5502847291152163,2.816351793436445,1.6485705950234784,-0.5481594323966432,-0.5501038446286131,-0.5513134180513248,-0.5520740557151883,-0.5497162444158356
47,1047.1676973509557,-0.5490974539435184,2.3741188344403734,1.6842669649237052,-0.5486851755881051,-0.5499660288107227,-0.551121161103031,-0.5518445244829487,-0.5503082153362143
48,1050.943476929036,-0.5479394317284124,2.2530686419968093,1.6508743341538417,-0.5482039762452093,-0.5529386209077206,-0.5512071142676064,-0.5508295497823021,-0.5498338517246891
49,1053.458264411529,-0.5477283546099542,2.0902259791909006,1.6892858676714055,-0.5481406100585661,-0.5519949415559866,-0.5513684320174561,-0.5495251733333937,-0.5494833999009234
50,1057.2268472809274,-0.5466500144123871,2.297510018699428,1.6266965618096485,-0.5478242479742872,-0.5484997017310629,-0.5510227076139783,-0.5495732138726809,-0.5482211763282119
51,1059.736836957632,-0.5460173779131893,2.061064842412432,1.7159026065217555,-0.5479971020204528,-0.5516552887964347,-0.5504815737921422,-0.5494034065075787,-0.5473251983634408
52,1063.4982231183478,-0.5451131273502674,2.1664003792899957,1.6691964365145229,-0.5480093054568442,-0.5489446736377982,-0.5491922924139998,-0.5488506135956819,-0.5470001469064492
53,1066.0034149892645,-0.5445488920125006,2.433904180496559,1.6824060571754833,-0.5479605277044057,-0.546315536067267,-0.5485325902297965,-0.5478534170825329,-0.5463051951441587
54,1068.5066877378658,-0.5439043612239206,2.056828397770233,1.6659238252084076,-0.5477164548504134,-0.5474485534221429,-0.5488702823907651,-0.5472077883949897,-0.5451836505402692
55,1072.2579985064267,-0.5431509845551176,2.5866125874243107,1.6567355009555649,-0.5475855576631817,-0.5473533308894754,-0.5486577249201479,-0.5467028485081894,-0.5448399205611644
56,1074.7564734492398,-0.5429750425212696,2.2658264033093327,1.6262780392057363,-0.5461455380179643,-0.5498404824937914,-0.54791320692195,-0.5463220276597437,-0.544226585633803
57,1078.5005875091183,-0.5418107687541205,2.28802678537428,1.6441728996726497,-0.5453364296725279,-0.5486566830056194,-0.5466519586960161,-0.5455877154612369,-0.5437574384097987
58,1080.9942646461436,-0.5418718873430162,2.2799759475831984,1.6490286206076878,-0.5460341855599984,-0.5438914516255624,-0.5461753937565534,-0.5446905952131564,-0.5428034786630526
59,1084.7311819973402,-0.5409332678097367,2.6106601630898796,1.6846697669369672,-0.5455038881154168,-0.5467111126129328,-0.5457665755758538,-0.5443461966274911,-0.5429931472489031
60,1087.2200613285768,-0.5405584603209868,2.6030459043096137,1.6482709855284623,-0.544836494742475,-0.5454272931409306,-0.5455496339885088,-0.5438860759145514,-0.5422697485111388
61,1089.7070215374983,-0.5408057341014336,2.1316260378324645,1.6511429511819713,-0.5438132952930942,-0.5433828201288419,-0.5447183481631769,-0.5432422220165323,-0.5416547902782173
62,1093.4338634965395,-0.5398870801876989,2.324429449539036,1.6254022103695145,-0.5437034166322354,-0.5431304221069652,-0.5443414688624381,-0.5428165623373684,-0.5412115894672704
63,1095.916025899673,-0.5395335110881189,2.0482903034848503,1.6406759909352813,-0.5428221042151181,-0.5434884017344551,-0.5439774282412057,-0.5428930163019431,-0.540640857830297
64,1099.635671150032,-0.5388637803193597,2.4698828457957434,1.6170242724878647,-0.5431206931774291,-0.5455188511888587,-0.5436290984569161,-0.5422510849255995,-0.5405747766900998
65,1102.1130357473774,-0.5380889004558018,2.4854544744851927,1.6194366816251515,-0.542931025887069,-0.5457284002843952,-0.5430234007462919,-0.5412726561831098,-0.5404827261558333
66,1105.8254842890537,-0.5369351839487184,2.262414948218163,1.6753990451592304,-0.5423999499373636,-0.5414664197182056,-0.5426491216723647,-0.5414215151165733,-0.5397594085263739
67,1108.298051080611,-0.5366310910936506,2.509922228315681,1.6572389250080686,-0.5424674558313359,-0.5428904346513713,-0.542777509905515,-0.540694662759728,-0.5394133304327141
68,1110.7686987498528,-0.5359169940217764,2.7604703527516605,1.6480062645396882,-0.5423618960157869,-0.5432505841519257,-0.5422564697548765,-0.5404780497680028,-0.5385643481013549
69,1114.4710718993742,-0.5345647041401665,2.5747112790048226,1.6571296119770555,-0.542547772376228,-0.5404227233295996,-0.5414202998201133,-0.5407510274226731,-0.5378133130320962
70,1116.9369217628278,-0.5340146977153304,2.374962477569329,1.6446141861474382,-0.5420924102229371,-0.5410201196840283,-0.5413535398909736,-0.5404908912748354,-0.5369422931525658
71,1120.6320982036673,-0.5329215521367745,2.8926155382854564,1.6738045063159217,-0.5418496782719331,-0.5411540874424954,-0.5411081412149891,-0.5395307303496214,-0.5362994128696977
72,1123.0931502613323,-0.5314390370664017,2.2511972317201003,1.6504251559399667,-0.5419892798628436,-0.5435394380826509,-0.5403923862122236,-0.5388646514847502,-0.5353841103856765
73,1126.7811299934895,-0.5293344356384664,2.555270587699244,1.632979100880558,-0.5415254646781198,-0.5423292991008857,-0.5404417382476283,-0.5386550808596154,-0.5348026592041868
74,1129.237384245367,-0.5274958955838865,2.532181469606201,1.6635037752962696,-0.5406820297526164,-0.5395950997217442,-0.5409429488795033,-0.5378339403354954,-0.5340752472931848
75,1131.691719374929,-0.5255463225642129,3.7249776653073474,1.6978867821912251,-0.5405441610890575,-0.5431009693582062,-0.5403151749188723,-0.5370860267717522,-0.5331939365147135
76,1135.3696237149306,-0.5236117651341609,2.101234301998112,1.658575681574199,-0.54076294638292,-0.5409501152291618,-0.5399831030860323,-0.5366256147334317,-0.5318096457974179
77,1137.8191610387046,-0.5214958636081337,2.2434689253041635,1.6882656911561118,-0.5403980754563571,-0.5386917029318936,-0.5394320065160588,-0.5359378975828917,-0.5304366784668441
78,1141.4898686700246,-0.5184137016632453,2.3429333151925014,1.6291993639147913,-0.5399101231334111,-0.5392206915268928,-0.5389686078935927,-0.534759891538704,-0.5279548111384126
79,1143.9346081880099,-0.5164450125997094,2.3702817249977857,1.6188855546876098,-0.5404073078784383,-0.5387027369431749,-0.538219933337695,-0.5339762016454929,-0.5260347538848655
80,1147.5981191106475,-0.512798183291225,2.267368275751328,1.637775543594497,-0.5408481763785989,-0.5373520363823442,-0.5371948243598512,-0.5333707431960136,-0.524665519815581
81,1150.038060822845,-0.5110331041053429,2.5039521779924168,1.6194149021683717,-0.5403618557081911,-0.539281654349449,-0.5369797339495662,-0.5324411523785517,-0.5233116337368374
82,1152.4760834127271,-0.5091755607912384,2.3332572200846946,1.6523974472579015,-0.5397481108732812,-0.5370796961663121,-0.5365049033118284,-0.5310040183004193,-0.5197243100388879
83,1156.1295189432096,-0.5066271041825596,2.2453749204486444,1.6460768203123362,-0.5394548322184327,-0.5370787347625191,-0.5354127972567945,-0.5293554646381416,-0.5180149890111474
84,1158.5627437273035,-0.5050353503344369,2.314554141715352,1.5963984393458075,-0.5395675099525488,-0.5343425788966093,-0.5347567452012817,-0.5276893174059272,-0.5157792262999084
85,1162.2089825491034,-0.5019023182731472,2.255727501982957,1.6552548832587626,-0.5388467901504179,-0.5340985842914042,-0.5341708859759611,-0.5251443543976964,-0.5124229645494897
86,1164.6374095274095,-0.4996524357541466,2.38361215558201,1.6751224390200703,-0.5377044200523643,-0.5333911199458214,-0.5333464007110229,-0.5239367561618119,-0.5105797062133925
87,1168.2764516405273,-0.4965224400077501,2.5259794642110993,1.6689079766169133,-0.5375925804576409,-0.5318373775750144,-0.5320754948597349,-0.5217873335693449,-0.5087199275609651
88,1170.7000808130451,-0.49434643459773,2.5809026245018463,1.6489889569019205,-0.5369905500636748,-0.5332682314492802,-0.5306539970337839,-0.5187863432690654,-0.5069048893501389
89,1173.1217908632475,-0.4920738065275012,2.5493154314054887,1.6751867258926283,-0.5360337396630095,-0.5313384630097553,-0.5291603263786226,-0.5183740524876362,-0.5046546477542802
90,1176.7507575842099,-0.4889301843515529,2.243259570997602,1.6450396252016817,-0.5356513736377859,-0.5291881983702532,-0.5273170683063035,-0.515640442598149,-0.5026477335448365
91,1179.1676698286242,-0.4876781958424574,2.2812320027657185,1.6476288999333766,-0.5353715103354731,-0.5264905744051688,-0.5258871457692944,-0.5133841673955303,-0.5001476613472126
92,1182.7894398409046,-0.4851978385666849,2.3194238665124214,1.596214911070739,-0.534268900221735,-0.5251503995012624,-0.5246478122639371,-0.5105398500977212,-0.49724298996102706
93,1185.2015542795307,-0.4829175205284031,2.6607128606487844,1.6395589260099603,-0.5330703617392357,-0.5215488477559966,-0.5226704630477484,-0.5088132475788326,-0.494911497937599
94,1188.816127583129,-0.4799492227559058,2.47412924855164,1.6640436893014894,-0.5319441159414297,-0.5202286812693419,-0.5206233960640302,-0.5070324578715437,-0.4927949950188521
95,1191.2234442159668,-0.4792925225327536,2.131253483095018,1.6582166542651362,-0.5302373146555167,-0.5185750378016122,-0.5185796001246171,-0.5054276003323592,-0.4905931998383193
96,1193.6288417264896,-0.4784155200318574,2.1805096132582222,1.6585063028494706,-0.528882348176148,-0.5193598584973068,-0.5165881631971164,-0.5035016348133748,-0.4881147523551023
97,1197.2333396379322,-0.477225596123759,2.3089878148729084,1.6226645355844125,-0.5273771395547502,-0.5176212095758429,-0.5142438703775971,-0.5011920844746859,-0.4865008966867889
98,1199.633939342667,-0.4772211786733741,2.1619238855644243,1.6917122169259888,-0.5269736030868613,-0.514258386183908,-0.5122883991090379,-0.4991221620252176,-0.4850378003291204
99,1203.2312405454275,-0.4774907727219627,2.067697735368205,1.690472743652088,-0.52552342667259,-0.5127140210121697,-0.5104175526209521,-0.4960740798753098,-0.4815329066851746
100,1205.627042444374,-0.4774196307838721,2.2047110319108185,1.640720281240161,-0.5238798815977426,-0.5084673218576029,-0.5086202640086922,-0.493889324402466,-0.48012456004365
101,1209.2171469384525,-0.4772869955679008,2.264019834761606,1.6481175385423583,-0.5217124847626277,-0.5060360961847931,-0.5070423937108994,-0.4915938797829413,-0.4795418333101963
102,1211.6081510316105,-0.476799759422749,2.2591325529601494,1.6645424231691688,-0.5199582953411832,-0.5052608701527476,-0.5053956910880942,-0.4896398347988588,-0.4781403004319265
103,1213.9972360024535,-0.4764622098037212,2.238119012398889,1.6760759630073463,-0.5181666924636276,-0.5034678622565499,-0.5037027409453639,-0.4884391895796067,-0.477546236040589
104,1217.5772651043767,-0.4768014130261514,2.10551536138233,1.6735470868399804,-0.5156452146856777,-0.5053306253272831,-0.5010545760099463,-0.4868141815277319,-0.4773927590799285
105,1219.9615522694314,-0.4772900034070356,2.3785630633315327,1.6778756658863976,-0.5146291629324996,-0.5029232484355797,-0.49899166917527205,-0.4849504565944263,-0.4777667442270547
106,1223.5343846626724,-0.4778202174443496,2.447814933690042,1.6721876945713536,-0.5125023648708481,-0.4997053307761632,-0.4971981708802397,-0.4816571596212763,-0.4778602589353648
107,1225.9138740219391,-0.4785512495469194,2.4225429423316593,1.6642481675380179,-0.5107972295383622,-0.4975072718332274,-0.4948899971902193,-0.4805614422209963,-0.4774981376465464
108,1229.479509706498,-0.480025484897695,2.5233806081914234,1.6505374820045549,-0.5089155289011748,-0.4932814519717977,-0.4928222524493717,-0.4798710817359848,-0.4771205113899344
109,1231.8542012599764,-0.4806431700654677,2.206472129590606,1.658723939035004,-0.507270051724833,-0.4902710482623615,-0.4907982263600476,-0.4787286957956983,-0.4767976110470958
110,1234.2269736911396,-0.4812750999306051,2.0628087422342043,1.6644784610655254,-0.505845931125716,-0.4899955804592666,-0.4894883459064838,-0.4782861417258546,-0.4767775633978016
111,1237.7825339835429,-0.482458836446631,2.497450505026162,1.6744255713989626,-0.5041567875363281,-0.4886700207318234,-0.4878881862386377,-0.4782236600885842,-0.4774147816009458
112,1240.150508608918,-0.4831957173687713,2.44791788191187,1.6924298663248647,-0.5028184413741991,-0.4898724637668361,-0.4862632748530411,-0.4789264038458021,-0.4778873025325771
113,1243.6988721926393,-0.4843988394263361,3.071882007306125,1.6656624608533062,-0.5005703609111279,-0.4870817462728016,-0.4841485398932078,-0.4785130206285819,-0.4787135675325075
114,1246.0620490122262,-0.4856786430388539,2.3058464725371404,1.6631867645380742,-0.4991886702831593,-0.4853959771932345,-0.4819883605820148,-0.4780640437452587,-0.4798070603148978
115,1249.6032158872654,-0.4863129218085808,2.402863945092337,1.66961164802279,-0.496755902303186,-0.4831101718582333,-0.4813335573095143,-0.4779802024058921,-0.4806078128073578
116,1251.961594901064,-0.4867257077029924,2.1564783482206984,1.6967282569464972,-0.494798391385355,-0.4820813596519048,-0.4802473050274745,-0.4774935517161632,-0.481295430900162
117,1255.4955650674208,-0.4878823122401401,2.4077690151678466,1.6618854621577757,-0.4930370546948456,-0.4796756094933435,-0.4793564217180618,-0.477228296461344,-0.4822729095723231
118,1257.8491462754316,-0.4887220963642779,2.4774732427021102,1.6759047002673253,-0.4917902047003882,-0.4801070055817966,-0.4791022411349985,-0.4776096175824648,-0.4829957402869738
119,1260.2008083611265,-0.4893540004082443,3.070290685649207,1.7051153480767358,-0.491299535440329,-0.4801784868789376,-0.479087755992712,-0.4784906468645833,-0.4837069478645906
120,1263.7247031353281,-0.4906324256478134,2.2377067310072016,1.6774946046618726,-0.4899019913204765,-0.4833642748593977,-0.4794880706444974,-0.4789292072336505,-0.4854356826288144
121,1266.0715674152352,-0.4912034144387858,2.1714995734896867,1.6819176681437065,-0.4881338458404076,-0.4835849472846859,-0.4792880562732078,-0.4795924526385237,-0.4864213344270787
122,1269.5882654807547,-0.4920910802955946,2.3179093571267564,1.6730946146619217,-0.4858321664102252,-0.4821606570251014,-0.4789052969934592,-0.4807452952507638,-0.4864938096359415
123,1271.9303319548735,-0.4923526702619124,2.3946812840469507,1.6855450684302264,-0.4847775015288314,-0.4815669064127383,-0.4785777350817794,-0.4814601746807641,-0.4870032090871974
124,1275.4398333117108,-0.4927855107483608,2.5443733748712645,1.6868467815205284,-0.4841254509629208,-0.4789032982027353,-0.4781958762576538,-0.482279430060332,-0.4880922973720763
125,1277.7771019800416,-0.4934155521297364,2.897247794775587,1.693446553356992,-0.4829840763760275,-0.4781495180389172,-0.4781567565823653,-0.4829634243325661,-0.4888691505296057
126,1280.112451526057,-0.493670386080767,2.2498732811646893,1.6888810313873783,-0.4821868737605346,-0.479113551635786,-0.4781755706947961,-0.4840276231069295,-0.4896228913906501
127,1283.611877490739,-0.4937637500935188,2.2805633210063068,1.6909666546542714,-0.4819705129353821,-0.4802301101180499,-0.4788968019992398,-0.4844737052995602,-0.4905468859787189
128,1285.9424292309666,-0.4936624677123978,2.157764496156496,1.7160535772224907,-0.4821545734001733,-0.4845215233378041,-0.4793061466465519,-0.4853022772238908,-0.4911994156749095
129,1289.4346584869659,-0.4936711752778808,2.3065462307816134,1.744827464853262,-0.4820662189597436,-0.4843731504034757,-0.4796247034774622,-0.4856581526273717,-0.4919363064897189
130,1291.7604124214051,-0.4937966354984028,2.6210278304039423,1.663593193463211,-0.4824186399862802,-0.4845362702173059,-0.480694781839052,-0.4876103978418908,-0.4920885151048959
131,1295.2454449687225,-0.4944549137683075,2.629706071155808,1.6174484515544512,-0.4817831322657027,-0.4851859025783343,-0.4819378787514532,-0.487367493792767,-0.492642850500288
132,1297.5664010973735,-0.494462366440122,2.2354547189586573,1.6901408734926504,-0.48117944473778,-0.4836737990082466,-0.48249700953659,-0.4880424211281212,-0.4929879127172042
133,1299.8854381037092,-0.4946069885678498,2.198070301549293,1.7075397405137045,-0.4807997243155938,-0.4837373205970415,-0.4833587561247635,-0.4894112720064845,-0.493565017064138
134,1303.3603952588714,-0.4946336077001041,2.4638838329329493,1.6959092369302475,-0.4806410386417584,-0.4849951611902108,-0.4838601707730409,-0.4900222517790146,-0.493804974411857
135,1305.674634459419,-0.4944877861929535,2.5415792439465807,1.7049958944247494,-0.4810251938936401,-0.4858897464094472,-0.484608828461397,-0.4906954539025623,-0.4934769127218232
136,1309.1423949058992,-0.4943668213264166,2.2371298027153075,1.7210814617103345,-0.4813791120228976,-0.4894405167804685,-0.4851870099360721,-0.4913260055826594,-0.4936729581228314
137,1311.4518363006587,-0.4941118854329104,2.103578092330074,1.7166681286702081,-0.4824279317689977,-0.4895820025691181,-0.4859511636126088,-0.491805372090218,-0.4935630186864219
138,1314.9124000384566,-0.4942183680872436,2.3314047994614047,1.6985685685250176,-0.4825130267307686,-0.4907833184380858,-0.4872910217260864,-0.4922790497073051,-0.4938251934460264
139,1317.2170436274275,-0.4936292160618058,2.2790582621241473,1.7156988960359991,-0.4828438346534069,-0.4892810129656018,-0.4880223650815126,-0.4924913162768695,-0.4941159160856786
140,1319.5197680940835,-0.4934114435893163,2.3839403453795684,1.7329168171930758,-0.4848317937497258,-0.4898181788972227,-0.4880385493452274,-0.4929242103503269,-0.4943903685071527
141,1322.9702564397262,-0.493351083276221,2.140502701633483,1.6883319170369409,-0.4847411661401214,-0.489117739906822,-0.4887226974391095,-0.4932227259289282,-0.4945925459959623
142,1325.2681831005941,-0.493393171268288,2.535108139960604,1.7212186322857952,-0.4855856155951921,-0.4905089332605963,-0.48946627971274304,-0.4934926708506583,-0.4944840524593638
143,1328.7114747375545,-0.4930827317967182,2.3998149439786336,1.7045859841636888,-0.4865092312145312,-0.4915571600540438,-0.4901854757661452,-0.49354086400648,-0.4943630334358273
144,1331.0046035926339,-0.4929065370766157,2.464822561763349,1.6736267376668763,-0.4870942120522602,-0.4948698926444199,-0.4910693936236977,-0.4936562346740648,-0.4945121579301547
145,1334.440698520912,-0.4925792511009977,2.3112391855492085,1.6660113263938263,-0.4874304652835224,-0.4957381619476927,-0.4915820568432964,-0.4936106795796736,-0.494118570616621
146,1336.7290295702035,-0.4922417464504568,2.41779764061346,1.654922764463172,-0.4882888338740342,-0.4953248836695802,-0.4919866926205773,-0.4935650743316442,-0.4940768196239322
147,1339.0154414971796,-0.4917126986102817,2.3339702423338604,1.6661343846383745,-0.4889461668170016,-0.4950862896594552,-0.4926009326595855,-0.4936591484846338,-0.4939506784223654
148,1342.4414610333024,-0.4914832305916788,2.3528024960637643,1.6734237474008657,-0.4890871082305773,-0.4928104398877717,-0.4927911652523467,-0.4939070945184701,-0.4933706611402525
149,1344.7230751544907,-0.4908435023146136,2.1430660172459466,1.7246793927474926,-0.4905934343549807,-0.4923267187736048,-0.4929146901140969,-0.4941086141596402,-0.4931647499001881
150,1348.1418979819314,-0.4901172045935245,2.2211125131141918,1.68959687808525,-0.4908497863440245,-0.4930354666821972,-0.4929739734477007,-0.4944043026782873,-0.4932940161614498
151,1350.4187142973312,-0.4897513534649986,2.654767430299949,1.6943212220000117,-0.4908819271567032,-0.4936074673698878,-0.4932435505094261,-0.4944736292600563,-0.4931074831707469
152,1353.8303404160895,-0.4891055764424023,2.2333491748530743,1.6790040837250493,-0.4915522219074639,-0.4976665940265633,-0.4936989509696661,-0.4955900133690828,-0.4928849386220081
153,1356.1023589257015,-0.4882176591329286,2.3743483510641186,1.6983245593123906,-0.4925540790278888,-0.4964201160612079,-0.4934145954234274,-0.49372252031169506,-0.4924999396718749
154,1358.372458312998,-0.4877736764721094,2.3917796999672194,1.6916733898017149,-0.493185166025101,-0.4953036280403832,-0.493579972242883,-0.4941803492692101,-0.4924594414397607
155,1361.7740090396012,-0.4868451302239214,2.364139396405576,1.7076590343042624,-0.4935295189441104,-0.4950305533287455,-0.4934952794665535,-0.4938956618384043,-0.4921189989881858
156,1364.0393106211093,-0.4861658676579087,2.193059281091306,1.6968190033621542,-0.4943454830786085,-0.4928466374986684,-0.4935415023333426,-0.4943717399708427,-0.4915419981019578
157,1367.4336646390307,-0.4848714096866957,2.1711411510283822,1.6606958407557941,-0.4946253186524144,-0.4923782366948896,-0.4933428997942241,-0.493862507409129,-0.4913761582472551
158,1369.6941684147505,-0.4842299218354088,2.3170948640004267,1.68420934922188,-0.4945019252597045,-0.4929817366376521,-0.4934812577639783,-0.4933894002934123,-0.4909590317118205
159,1373.0813257239895,-0.4828049126238641,2.4839376757550657,1.6982290691579036,-0.4943695678164971,-0.4934319481923742,-0.4937315610697061,-0.4934094210826114,-0.4902413221452616
160,1375.3370316939213,-0.481986128616929,2.3132598824601307,1.665346175408812,-0.494329355573916,-0.4966939005170044,-0.4940986802872576,-0.4934222548714857,-0.4897031306734522
161,1377.5908185415378,-0.481230589190597,2.390998721353076,1.6824653094991415,-0.49401750502487196,-0.4959079320462888,-0.49436035655059,-0.4931934287598012,-0.489305770219667
162,1380.9679004586214,-0.4797988883041644,2.3883105811504985,1.6873747320915495,-0.493754577989933,-0.4961245168436429,-0.4944649729950802,-0.4931399738237547,-0.4883403834481409
163,1383.2168895004502,-0.478085337825452,2.2617117845789894,1.6810035933303125,-0.4940908615736472,-0.4942955809716842,-0.4945152231036333,-0.4927373904387133,-0.4877394417809558
164,1386.5867747088516,-0.4759563375191001,2.22081460272638,1.6944798433310522,-0.4938929385209226,-0.4945820984470595,-0.4943596804813376,-0.4925779169143805,-0.4872241801156228
165,1388.8309659448914,-0.4741735469660365,2.301654430684429,1.662191772140541,-0.4937892410876542,-0.4931921579876315,-0.494284446074991,-0.4923611422570232,-0.4865604652817983
166,1392.193654444611,-0.4715891040021411,2.38680128838224,1.6950458487922668,-0.4937064429476886,-0.4938632431299376,-0.4941308534461629,-0.4919408407408901,-0.4853182417157268
167,1394.433047874863,-0.4701560125095508,2.3846191000363977,1.6744296134553205,-0.4933614770265329,-0.4942647766960075,-0.4941335537137175,-0.4914615846147029,-0.4845035497957195
168,1396.6705221827995,-0.4691331822222626,2.2439207223506097,1.6812604569220644,-0.4933659943712237,-0.4963555724931332,-0.4942101065579064,-0.4913453749494437,-0.4839489960873018
169,1400.0231352903638,-0.4679984132971804,2.25901803424264,1.6829694309887522,-0.493006265947763,-0.4961706041774354,-0.4935291334345469,-0.4905012141690418,-0.4823632489633088
170,1402.2558117925125,-0.4672631842991816,2.633574757007581,1.6754939167547052,-0.4932574006933849,-0.495610318405703,-0.4935163618812662,-0.49020442634063505,-0.4817986238113126
171,1405.6012281913943,-0.4661244822818065,2.384072743624482,1.6928757622453925,-0.4930658257429701,-0.4948778269159213,-0.4933035115636659,-0.4896278376615623,-0.4808687077619446
172,1407.8291068877547,-0.4645011332667591,2.2523645064741813,1.6639058384773229,-0.4935691737666279,-0.4928456703015539,-0.4935066038103092,-0.4891704084129148,-0.4791406645345868
173,1411.1673265779543,-0.4606043608484693,2.284408321922891,1.7004238288067766,-0.4940777123480994,-0.4923620046860186,-0.4932623908025004,-0.4886030214746084,-0.4776259260565784
174,1413.3904074685265,-0.4577825230745915,2.429357781461389,1.668542145756556,-0.4941071774053147,-0.4929378857640694,-0.4930767563445425,-0.4875963596704885,-0.476214711678309
175,1415.6115692367835,-0.4555681411296379,2.1623850075630364,1.6766682243653157,-0.494428267868988,-0.4928581889725879,-0.49269317730732,-0.4869048220836837,-0.4745857327348856
176,1418.939713534828,-0.454937292023,2.36887558817287,1.6721253852900904,-0.4943230397060761,-0.4964821921230198,-0.4925352619201145,-0.4862487420580041,-0.471907258329053
177,1421.156077497297,-0.4552764052132976,2.2359110722763904,1.6759668562137209,-0.4939785942340834,-0.4950002485492603,-0.492395746054956,-0.4853651947964582,-0.4704029622294464
178,1424.4770250866588,-0.4558080285364182,2.2198295202619525,1.6807509092375552,-0.4940767193967275,-0.4936762880846939,-0.4917564121793053,-0.4845369648124301,-0.4690934134094209
179,1426.6885912433402,-0.4560518625654135,2.4283099480871835,1.6746204936746791,-0.4944911051446392,-0.4930400150904756,-0.4914927945137084,-0.4840264944722616,-0.4680269640250078
180,1430.0023421240198,-0.4556112250878278,2.1768471607413216,1.670811709156655,-0.4945413192700725,-0.4907609067956915,-0.4912961974382331,-0.4831760920979348,-0.4672808644580686
181,1432.2091104749124,-0.4549725219222562,2.2658623586111704,1.6699273686012377,-0.4940298522091418,-0.4896971698115509,-0.4908150956558416,-0.4819448147606606,-0.4666924945232089
182,1434.4139597034894,-0.4541397358799367,2.249483354756236,1.6741679950521855,-0.4939732699865094,-0.4900678708399438,-0.4903845204803219,-0.4811042731658307,-0.4657210307828317
183,1437.7176351920145,-0.4532096622533776,2.3349723117879475,1.6732070331818665,-0.4935559228075989,-0.4897420655913359,-0.4897299713356417,-0.4801256416398199,-0.4625922184734158
184,1439.9176866148034,-0.4525929143057041,2.2586688209651866,1.692274225954144,-0.4937593857751351,-0.4919369497591418,-0.4893151774291173,-0.4785973608926865,-0.4596380050518298
185,1443.214165394646,-0.4520038779182992,2.1829306835859867,1.6705998861901312,-0.4935901957742741,-0.4902766880763146,-0.4887057643203362,-0.4773212027275378,-0.4568614196205492
186,1445.4094190116468,-0.4512878703056961,2.26683826423938,1.6805347451151955,-0.4936884609273689,-0.4896520941221261,-0.4879218212624597,-0.4757974983248264,-0.4546495459968317
187,1448.698701082807,-0.4505566918204018,2.316401042594227,1.667296045662754,-0.4936487111162439,-0.4867287436281676,-0.4874183174356549,-0.4741872937701696,-0.4546769998329069
188,1450.8891568940198,-0.4503991805585801,2.3092083994196475,1.6722860456560966,-0.4932638100156804,-0.4867203673243594,-0.4866793884447632,-0.471642249193111,-0.4551949400292464
189,1454.171242256498,-0.450301055731621,2.2939356963012845,1.6959856169550782,-0.4930856218348398,-0.4847719303042616,-0.4860640308476289,-0.4700389317171451,-0.4557101973289206
190,1456.3569002619226,-0.4500757333108833,2.26495705119715,1.675254585018214,-0.4929028592764629,-0.4844095423280005,-0.4850473929047486,-0.4688910500104578,-0.4560582667717771
191,1458.5406391450315,-0.4495194202148305,2.3882477605950485,1.6561924146952671,-0.4923254491107796,-0.4842255034481582,-0.484458861593122,-0.4682382170565698,-0.4557059858697173
192,1461.8126491153546,-0.4489032253845491,2.21278081815931,1.6577379975408104,-0.492130157953389,-0.4856512018653402,-0.4838520874692598,-0.4678068128341987,-0.4549769975793485
193,1463.991590192676,-0.4485834825190708,2.2639138129753094,1.654215528017202,-0.4917311403559833,-0.4848035383633904,-0.482955481979136,-0.4682652004803622,-0.4539155768365733
194,1467.2564034543163,-0.4478791820782737,2.203956683356425,1.6703981874716634,-0.4914391046789416,-0.4839847925050874,-0.482109960796459,-0.4649455255325917,-0.4532376485514698
195,1469.4305467258496,-0.4474032558635487,2.1791397161682973,1.6773068874285677,-0.4908621774278714,-0.4822271545147192,-0.4812848460603151,-0.4632785703862141,-0.4524922089655581
196,1472.6881632788075,-0.4466942261916735,2.26990304320421,1.6926481165632912,-0.4904010641211017,-0.4791076617796096,-0.4802674714501751,-0.46031942330592496,-0.4522131929280676
197,1474.8575087445527,-0.44632301426171495,2.1993002084124598,1.654558329794693,-0.4895672790771896,-0.4774879561523716,-0.4789122420580524,-0.4575594910623402,-0.4513863106811178
198,1477.0249350879822,-0.4460947479620596,2.2018156061992524,1.6638739411289554,-0.4890857840855164,-0.4769891163533258,-0.4776301641028886,-0.4550656687230691,-0.4507184775109118
199,1480.2724762487853,-0.4458599783411745,2.1789438871567466,1.6696385620436347,-0.4886284014490532,-0.4757329347676272,-0.4762373212054116,-0.454362995261515,-0.4501647235622853
200,1482.4351047864263,-0.4451870114167905,2.228392481131027,1.6720197869552091,-0.4879145053900222,-0.4782013478298282,-0.4746870717013042,-0.4545749830871115,-0.4500645758639104
201,1485.6754492385473,-0.4449702754201532,2.3684206489934563,1.6723195687285373,-0.4867660714851022,-0.4751408450801332,-0.4730232931587826,-0.455698725514619,-0.4500998630701649
202,1487.8332799704008,-0.44550542435454416,2.1675645476360823,1.665435273568289,-0.4862950329235257,-0.4726383456162418,-0.4712658136597831,-0.4561132127795001,-0.449736990197096
203,1491.0664277138394,-0.4463729366316702,2.468813561784796,1.6573932476562336,-0.4856240425932337,-0.4706380988348524,-0.4697453982010123,-0.4560392971366922,-0.4491616371989775
204,1493.2194606399046,-0.4468989031344731,2.3623740115301985,1.6955533804326182,-0.4845680218816954,-0.4678314395430502,-0.4687173510530558,-0.4554932795041412,-0.4485238235591307
205,1495.3705744436545,-0.4473231636597171,2.2533997138750395,1.649091453633901,-0.4840899809582888,-0.4669281848466587,-0.468050683995217,-0.4547910584797058,-0.4481175181582701
206,1498.5936467949375,-0.44886049002301226,2.31701490075275,1.7034337370807986,-0.4838369732324994,-0.4672183749631543,-0.467492557623925,-0.4540312323050131,-0.4477656501538141
207,1500.7399627928994,-0.4498848533345138,2.2908785722854623,1.6958390804157242,-0.4829080205190097,-0.4666422693304304,-0.4668304280335284,-0.4534920026257953,-0.4470879278238459
208,1503.9558384355007,-0.4511157551194243,2.2563689835486365,1.6501348902494537,-0.4819753483384696,-0.4685600426081632,-0.4661635763800424,-0.4531158912094818,-0.4463837302968941
209,1506.097356627674,-0.4519677869274064,2.6092385759550862,1.6758618117660389,-0.48150741854549,-0.465464975830646,-0.464420235531433,-0.4521874075651875,-0.4461932785706417
210,1509.3060355615933,-0.4540285668045052,2.255983048997534,1.6808851654068513,-0.4803529827858391,-0.4623775393309335,-0.46129304899994605,-0.4515383117914553,-0.4458374404386609
211,1511.4427559479784,-0.4553514567315497,2.2375589314987825,1.6587740782940772,-0.4793047282951433,-0.456830817507633,-0.4579115504929826,-0.4507605997909914,-0.4457469282294877
212,1513.5775572120485,-0.4568597249540614,2.3591481726910684,1.6610393211277141,-0.4787536715716325,-0.4552461765664887,-0.4554258680002378,-0.4502595794952048,-0.4450880726335523
213,1516.7761607538125,-0.4585717637292689,2.2757706425086903,1.7202968830691192,-0.4774372980800256,-0.4530808893888768,-0.4543123895542455,-0.45017063905086097,-0.4447195243054829
214,1518.9061642120942,-0.4594747721121074,2.4055120859697117,1.6696772806840732,-0.4762968922265632,-0.4539652116683663,-0.4542048805844083,-0.4501561177190796,-0.4449931494137628
215,1522.0975710451758,-0.4614331405819098,2.1390290479982252,1.6859102377945103,-0.4749309057878334,-0.4555515622218753,-0.4551452980312976,-0.449862231881755,-0.4457630001397337
216,1524.2227766976694,-0.4622585991794339,2.4203808777202833,1.6744688538201888,-0.4732945098913211,-0.4585009760885868,-0.4560229272268922,-0.4491749359464643,-0.4462126470858389
217,1527.4069868220688,-0.4640031107287616,2.2144448865618442,1.670371248631517,-0.4715623886708927,-0.458638740922555,-0.4561974089731943,-0.4487469776516509,-0.4466385368201826
218,1529.5273946687744,-0.4650421967197818,2.234607038503755,1.693848614792606,-0.47011371129968704,-0.4581316090432441,-0.4560953862085886,-0.4483582268171002,-0.4476646634285405
219,1531.6458833931647,-0.4656644147518093,2.4014254265782964,1.7007396945317148,-0.46887278823367795,-0.456397000099433,-0.4552314546888826,-0.44793958684205504,-0.4487078178335409
220,1534.8200181254085,-0.4668382704875424,2.4183137077154835,1.6680398790127131,-0.4685590327107884,-0.4538141572001242,-0.4546489655911032,-0.4474714552568756,-0.4497237244104637
221,1536.9337090440106,-0.4680147259942634,2.5711882881477286,1.7025292397372918,-0.4681183357393126,-0.452987159776899,-0.4539588845961642,-0.4468453781135092,-0.4508755509566895
222,1540.100647067573,-0.4696707911579884,2.2609011280406386,1.6755244907093825,-0.4678330665903891,-0.4531753143773601,-0.4532569316677614,-0.446187605959327,-0.4520331314957381
223,1542.2095401803867,-0.4706931018530601,2.445183962116502,1.6749470042778989,-0.4670269682614134,-0.4529058592012911,-0.45269602389216707,-0.4459425919860156,-0.4533607153109721
224,1545.3692814952665,-0.4719577048891626,2.3860821924838684,1.6854666048463067,-0.4660382598181788,-0.4562698841963321,-0.4524966629682289,-0.4457948502289244,-0.4547281459939068
225,1547.4733768022918,-0.4732505058345093,2.2884690958742118,1.6881842081021643,-0.4636259212594599,-0.4541834571268082,-0.4518153753094134,-0.4456269703544469,-0.4567943614147029
226,1549.5755529870025,-0.4743439480145159,2.3468340642075374,1.6935008733551566,-0.4599654831006758,-0.4527574011635948,-0.4510128239133853,-0.4450829525004234,-0.4579374384216696
227,1552.7252189097271,-0.4762786511766333,2.3285335747239353,1.6668288869893482,-0.458246284611248,-0.4513865876661657,-0.4505278505272505,-0.4446353206724867,-0.4588488773743248
228,1554.8225972886496,-0.477791893935871,2.3234398991998613,1.7031569840337568,-0.4557271000621038,-0.4493964751855175,-0.4502229565672564,-0.44464785186586575,-0.4607367204427569
229,1557.9650665026916,-0.4793804682550623,2.242447941163828,1.696309950736127,-0.4544654652355728,-0.44896131515430304,-0.45004027327745855,-0.4454026798916316,-0.4618353133678247
230,1560.0576470758258,-0.4809171513382026,2.1660774220245638,1.6963724608533162,-0.4544544847527439,-0.4494412384476325,-0.4499607251906018,-0.4460098365272489,-0.4627173691870319
231,1563.1929195811856,-0.4828453074538158,2.3307088604894055,1.6682942385806838,-0.4556635784777438,-0.4491107453047701,-0.4495762456505676,-0.4463506643111846,-0.4638616525357852
232,1565.2807023485318,-0.4842833777290158,2.2749702360834982,1.6684225294760489,-0.4567363618266842,-0.4514620128502486,-0.4489606989970297,-0.4468369951850666,-0.4651123589387698
233,1567.3665659935625,-0.4856892610734221,2.2732229828565576,1.6748432373296147,-0.456933653409101,-0.4494945455170765,-0.4485767772652853,-0.4477746360304864,-0.4657874906407161
234,1570.4917631067676,-0.4880197879310896,2.279444956235181,1.713837707123346,-0.4569352995733216,-0.4493923518940258,-0.4479608677221809,-0.4486892531832148,-0.466660209139377
235,1572.5728289460098,-0.4897307699771944,2.611748001368082,1.698995714151142,-0.4563620107411924,-0.44672039317240986,-0.4473808316902054,-0.4500928634047765,-0.4684421605802823
236,1575.6908293505326,-0.4926857881924148,2.3665528272046545,1.6780073057183722,-0.4556403024992556,-0.4466357235254143,-0.4470337892060179,-0.4508822289703908,-0.4696563439180672
237,1577.7670973839872,-0.4946004735678682,2.379098141191374,1.6883648145082741,-0.4549505433820262,-0.4448368643445244,-0.4464363107842832,-0.4521097968849992,-0.4705852588956504
238,1580.8779010798273,-0.4969680822627767,2.545897388970629,1.7145761278907816,-0.4543615882738058,-0.44503553455846495,-0.4459725670082629,-0.4534460510863879,-0.471544314109567
239,1582.9493713074935,-0.4994895654628661,2.28891027599391,1.7183904384446105,-0.453681174184464,-0.44493139041308144,-0.4456765927453635,-0.4548930457516859,-0.4732473529166381
240,1585.0189224128446,-0.5014486921426576,2.389091178023144,1.7054133899098716,-0.4531196946812305,-0.4470535464801868,-0.4453902943088925,-0.4562555472316138,-0.4743188679121343
241,1588.1196507165296,-0.5040339799788306,2.3699425844471023,1.689621516343682,-0.4530260552899878,-0.4469767898065848,-0.4453033796090785,-0.4575958616349775,-0.4756837714897732
242,1590.1844040160925,-0.5058134917318806,2.3782600276933703,1.6856984360305725,-0.4523041219505798,-0.44650650903810907,-0.4450549002493287,-0.4589670266221512,-0.4777765690733204
243,1593.2779356110955,-0.5098283817745968,2.396822262247744,1.7022188555979012,-0.4512527860234099,-0.4450365960811585,-0.4444556979604189,-0.46035162816984,-0.4788782901689028
244,1595.33789110487,-0.5119521697228601,2.311017731213619,1.6939458097101936,-0.4504985710207936,-0.4430402657192956,-0.4443530492332113,-0.4612033182435063,-0.4802844518277593
245,1598.4242259911907,-0.5151421592701583,2.3418167941015047,1.6996393065611473,-0.4501679829064695,-0.4433086162278893,-0.4446402134866154,-0.4622962070341794,-0.4818224791084762
246,1600.4793836791769,-0.5173359833161884,2.369886778116071,1.7084921530735862,-0.4499453145464379,-0.4445351292690517,-0.44527852062561984,-0.4633107549094408,-0.4837489186907842
247,1602.5326222448484,-0.5196777117631304,2.1320410333032833,1.6968539441254018,-0.4495467880265778,-0.4453069032255372,-0.4457455322232682,-0.4644815782087741,-0.4852979310975556
248,1605.608881739014,-0.5225045822509761,2.333431279856037,1.6965582631354923,-0.4494060334977055,-0.4493567113781248,-0.44624431512197416,-0.4659699686949225,-0.4869518486813481
249,1607.6573224988967,-0.5246065648037808,2.315784240791676,1.7116874888288125,-0.4485734370106437,-0.4486315766258727,-0.4466359644510903,-0.4655826846566021,-0.4892304912864832
250,1610.7263852843803,-0.5279722288173859,2.2926176821033493,1.719591055956041,-0.4478755221091997,-0.4490150390845549,-0.4475776539283621,-0.46721655200087,-0.4909906835750458
251,1612.7700282384747,-0.5300238304690119,2.6508383268455384,1.7177323851363993,-0.44722541698734974,-0.4494066132322794,-0.4486247795426853,-0.4684746684884691,-0.493115433891177
252,1615.8318943152758,-0.5330752513405128,2.3280548098478313,1.715968488539925,-0.44677684809517054,-0.44837052361256896,-0.44961478426952695,-0.4697015547734386,-0.494821092876286
253,1617.8707394635824,-0.5345316857960253,2.3521303474725945,1.7071125766918132,-0.446134357741804,-0.44886240500536906,-0.45029291939042826,-0.4706775343469006,-0.497550515906784
254,1619.907665489574,-0.5360995935018528,2.2860803033892614,1.738555440038709,-0.4454235125266188,-0.4510005959873946,-0.4514436396548889,-0.4715260361955053,-0.4998080317179324
255,1622.95945617422,-0.5384793352744902,2.132700501774113,1.733460114270038,-0.4451026306479727,-0.4527142188951938,-0.4528577330921933,-0.4728386976249476,-0.5018505536221611
256,1624.9915843944232,-0.5403955224219684,2.4276884346779672,1.734688051967034,-0.4445169224135302,-0.4567829301271869,-0.4542080199777545,-0.4746900453656038,-0.503965170857251
257,1628.0361783703866,-0.5426855264588296,2.222604533639783,1.7218241532814667,-0.4444088680586515,-0.4574945152094463,-0.4557941476284864,-0.4761807608234048,-0.5062299033497453
258,1630.0635087848016,-0.5440626838481383,2.3778445084324993,1.7344335884841817,-0.4441282827468834,-0.4589162754424194,-0.457241932856009,-0.4775240915948924,-0.5088683813037241
259,1633.100906052083,-0.5450828499073544,2.323701529899353,1.71698223279894,-0.4440876950517471,-0.4576608713440943,-0.4580827754922522,-0.4787282850153797,-0.5111054776889058
260,1635.1234386607098,-0.5469443348697843,2.402089350572097,1.7291857326682238,-0.4439613985981133,-0.4593828853378366,-0.458821733329677,-0.4801396945046974,-0.5139514692733264
261,1637.1440521470215,-0.5490877459640472,2.2751391862613,1.7049434044856249,-0.4433950093927376,-0.4592969368526018,-0.4602253439530306,-0.4815403588773803,-0.5163039999752299
262,1640.171374022148,-0.5522126717978436,2.24660209135694,1.715846391785474,-0.4434089861191765,-0.4607724523549551,-0.4612383629854805,-0.4827418980914481,-0.5186637899038432
263,1642.1871897026713,-0.5540210541448306,2.21569467625058,1.7245895780567528,-0.4430630556981253,-0.4616828325074355,-0.46207636012749603,-0.485033957967945,-0.5213435933551522
264,1645.2073148691156,-0.5573690026638737,2.3463795897092283,1.7235714459447615,-0.4439186781860176,-0.4652728085096581,-0.4632983077599718,-0.4865814400010574,-0.5233290973469458
265,1647.2183327438504,-0.5599468444695193,2.445058381337761,1.7244368523544586,-0.4441300885438205,-0.4660840003595312,-0.4643148514932694,-0.4881665534866374,-0.5254800257406022
266,1650.2312612016126,-0.5633662949853443,2.2502066291021685,1.7483446706442929,-0.44467422636304016,-0.4666353300449472,-0.4647382679545584,-0.4898936221576554,-0.5278042761937742
267,1652.2374812705593,-0.5656079999282623,2.4189958634386053,1.7540768559693034,-0.4451348706598002,-0.4664946297302132,-0.4655307161806391,-0.4918218303838111,-0.5309341609122923
268,1655.243213019639,-0.5688390565014055,2.3630916509727307,1.721913396292215,-0.4456504812014347,-0.4656454326726501,-0.4666804125317217,-0.4939723772494112,-0.5324914375418014
269,1657.2446352827978,-0.5702134073332079,2.4888179417623237,1.7453919996903664,-0.4466329073565378,-0.4666356016602594,-0.4679449460336863,-0.49542737162010103,-0.5339584865262362
270,1659.2441384236413,-0.5715202092572202,2.4567271149528387,1.7510909121444298,-0.4471830373044955,-0.4686188330004846,-0.4690485498453377,-0.4982461676967668,-0.5364317311559171
271,1662.2397947805662,-0.5725071752033151,2.3249456896550083,1.711820309871951,-0.4481940358422609,-0.470075200029205,-0.4701024589054957,-0.5005126090394663,-0.5383094311665599
272,1664.2345001156216,-0.5706048927659251,2.3205616801952367,1.7120952140594858,-0.4491601188906711,-0.4749538682942783,-0.4710577665474895,-0.5023679636640886,-0.5400829262371231
273,1667.2229597638636,-0.5690766619418657,2.3023724835394903,1.7375945326561175,-0.450430133557915,-0.4748002918676818,-0.472322544097324,-0.5038524390027137,-0.5421980082185277
274,1669.2128672931308,-0.5681696241390508,2.754670154534121,1.7416803859862415,-0.4519169574613314,-0.4755205538686633,-0.4737454730980845,-0.5057121843964872,-0.5434203575766795
275,1672.1941302326907,-0.5662598397415683,2.3931664681045928,1.713159390738478,-0.4533043012411496,-0.4762228646948934,-0.4749060423792424,-0.5081731496929379,-0.5443821492197398
276,1674.1792399561698,-0.5652812622357348,2.158604236872938,1.7256927184144826,-0.4550822284901379,-0.4758534584742114,-0.4764757722159055,-0.5113020755755541,-0.5456920876765203
277,1676.1624305573334,-0.5658594100220847,2.2640393007812647,1.7731758597264424,-0.455974522297151,-0.4768101305593412,-0.4777628872087101,-0.513353893216087,-0.5487740971557351
278,1679.1336181047384,-0.5655321145328145,2.2587287340933644,1.729637105652214,-0.4573939574459066,-0.4788415139512757,-0.4789423531956809,-0.5155284851215441,-0.5510384466927516
279,1681.1120109001142,-0.5656238569572211,2.450128039374126,1.7319969626442433,-0.4580215515416312,-0.480848474930285,-0.4806408589110678,-0.5178613462307019,-0.5526625111318396
280,1684.0760017388363,-0.5636792071201124,2.3100341999063403,1.7212408072367271,-0.4592317751176125,-0.4847279828373512,-0.481927326978666,-0.5195657036185266,-0.5560158286602078
281,1686.0495967284241,-0.5610734178344683,2.354687920800466,1.7096827546345184,-0.4600089456085174,-0.485242754662211,-0.4832726762564902,-0.5200358781388074,-0.5583611097948737
282,1689.0063908584643,-0.5611151237392848,2.2990147044286555,1.7131747489916704,-0.4607494015654133,-0.486778354479452,-0.4848134304653076,-0.5242573125582941,-0.560976460269615
283,1690.9751880422634,-0.5522134883567581,2.433063549036882,1.7187471147402391,-0.4621373215408098,-0.4863645031927863,-0.486395976676863,-0.5263813931742359,-0.5629838273796383
284,1692.9420661037475,-0.5475945653570408,2.3100611220451395,1.715321759622093,-0.4625044457344691,-0.4884277019909611,-0.487939239663774,-0.5287518118679261,-0.5658541924010221
285,1695.8887848416327,-0.5464969866575966,2.25608049507014,1.713611818448844,-0.4633379083446282,-0.4890348363275943,-0.4894022283691437,-0.5307348628825805,-0.5677678711034695
286,1697.8508650973288,-0.5492308026038422,2.3854046606324784,1.6997136128682362,-0.4637910631038717,-0.4915954982356034,-0.4913044045061846,-0.5323690273567863,-0.5689102026819267
287,1700.7903871265314,-0.5474542416160446,2.2143340339484285,1.6939585980888068,-0.4645562327693085,-0.4938191018938526,-0.4935625457195954,-0.5335641492597171,-0.5710969396010694
