Wavelength (nm),bf1,bf2,bf11,bf12,bf13
900.0,0.00065,0.4284886736122355,0.4280371066550944,0.4273381044565333,0.42724799251889223
903.0,-5e-05,0.4266033299200341,0.426739609709265,0.4266033299200341,0.42806570076065803
906.0,0.00048,0.4259425754690749,0.4252804613864715,0.4255591232387675,0.42432392268592134
910.0,0.0007,0.4246759770391919,0.424613866204676,0.4252353746387529,0.42514209165380845
912.0,-1e-05,0.42603285303156624,0.4236794230087993,0.4267956999058212,0.4247449261455177
915.0,0.00037,0.4247522082048766,0.4219960861075975,0.42498728713352574,0.4250841213365204
918.0,0.00078,0.4245106007850784,0.42284083741363454,0.4248636379121493,0.4206330619008795
920.0,0.00075,0.4228714555209758,0.4203959984577863,0.4234371513723748,0.4222819487529164
923.0,-0.00085,0.4205463317092226,0.4202817249358143,0.4203852475175057,0.42161791037571544
925.0,0.0005200000000000001,0.4214684834327597,0.4192986714609912,0.4204466768619396,0.4205111409383387
929.0,3e-05,0.4192632792959392,0.4184449544739167,0.4185603892495058,0.4194753324462086
932.0,0.00011,0.4193305568399178,0.4188750078305925,0.418660797057914,0.4171553803080198
934.0,0.00079,0.4180454527755799,0.4172049303958046,0.4177815843194314,0.4194416734567606
937.0,0.0004,0.4176019590956902,0.4159120655470458,0.41756382595884795,0.41775452513460315
940.0,-2e-05,0.4165119835657362,0.4150956323187073,0.415630625183584,0.4157503848896456
942.0,0.00074,0.4166524889764339,0.41661315427104495,0.4156047807786003,0.415375931143046
945.0,3e-05,0.41444165976738334,0.4135021034583996,0.4144294447006697,0.41359962513102605
949.0,0.00081,0.4141871335194228,0.4125616863565855,0.4141871335194228,0.4131454791075432
951.0,0.00038,0.4123705019892396,0.4123863011227663,0.4132614168459233,0.4119599261267393
954.0,5e-05,0.4117655798975014,0.4112795368141519,0.4113496537821139,0.41183577538753086
957.0,0.00039,0.4107918229289674,0.410558124851043,0.4114602254955374,0.41105906052337193
959.0,1e-05,0.4102324283083029,0.4102506541505492,0.410059320944472,0.40993636552370794
962.0,-0.00011,0.4104017032348552,0.4098132607216284,0.4099875309533552,0.40986117806464883
964.0,0.00032,0.4097035724651121,0.4087323177659592,0.4088989024065407,0.4095658806826558
968.0,3e-05,0.40820266873535904,0.4075340751114463,0.4079914226875901,0.4080892090103314
971.0,0.00011,0.4079905856901014,0.407836578555044,0.4079830718797412,0.40778024812362
973.0,0.00016,0.40788314402511777,0.4076159036529603,0.40788314402511777,0.4075112191514356
976.0,-9e-05,0.4072342612352733,0.4063518451377314,0.4068518924115741,0.4068935890183159
978.0,8e-05,0.4064959586502965,0.4065797407337151,0.4064490477425536,0.40675405925725894
981.0,-8e-05,0.40607997858114203,0.40560395420454015,0.40622256358745,0.40598926703551486
985.0,-8e-05,0.405969397086114,0.4058486793367347,0.4056259039175851,0.40560734445652846
987.0,-6e-05,0.4057058847725674,0.4054410416941228,0.40540193083669496,0.4050200330094161
990.0,-0.0003,0.4052103114707424,0.40496404297426347,0.4048409610740764,0.40517218935425664
993.0,-0.00039,0.4050221804942797,0.4039184799785075,0.4053716026494201,0.4044871359195425
995.0,-1e-05,0.4047686238479751,0.4045304308489841,0.40464250539881264,0.40511914516158615
998.0,-0.00025,0.4044124331243521,0.40427491808853,0.4043629226951807,0.40430791772624464
1000.0,-0.00029,0.40468599381384895,0.4038205795512015,0.4046589234985724,0.4045181850525967
1004.0,-2e-05,0.40437346445525696,0.4040664003705127,0.4039288213975869,0.4035507037941505
1007.0,-1e-05,0.4043607601391828,0.4038508882058769,0.40406260848532416,0.4038848610512501
1009.0,4e-05,0.4038334059289193,0.403745479501976,0.40358518888987216,0.40387737581882294
1012.0,-0.00013000000000000002,0.4042049199551361,0.4031458491034138,0.4034968769785149,0.4037353277501805
1014.0,-0.00024,0.403271150483497,0.40347727212902296,0.40332458003572,0.40369622445831194
1017.0,-0.00034,0.4035621084847994,0.40292730987679576,0.4030486338939003,0.4032888543114985
1019.0,3e-05,0.403835761940418,0.4035966372468114,0.4037854089569525,0.4036973052811979
1023.0,-0.0001,0.4034774550744556,0.40327241518490015,0.4032899148114503,0.40374765540718704
1026.0,-8e-05,0.4037673102190156,0.4033383946028818,0.40325365907877103,0.4034430907281029
1028.0,-0.00034,0.4040790889735463,0.40333983025106057,0.4035512741091757,0.4033025273130407
1031.0,-8e-05,0.4038186061148745,0.40320831083888187,0.4034364509673201,0.4034513338350226
1033.0,-0.00026000000000000003,0.4040051326837547,0.40365067029588825,0.4034079189778675,0.4040348909407246
1036.0,-0.00026000000000000003,0.4041218493112084,0.40387454025146224,0.4034297385264012,0.4038844299103847
1038.0,-0.00016,0.4038331266654291,0.4039194393262565,0.4037591580354269,0.40352254304422913
1042.0,2e-05,0.4041504989658253,0.4038922019248864,0.40397090474941977,0.4038307252655577
1045.0,-0.00023,0.4040549037455065,0.4037824179454579,0.4039002286631865,0.4037726018280626
1047.0,-0.00028,0.4043325012580154,0.40367557851824176,0.4041215894011233,0.4038470669634722
1050.0,-4e-05,0.4044618640095224,0.4038692646121199,0.40420954310602986,0.4041385277380516
1052.0,-0.00011,0.40430273553172896,0.4035621086028149,0.4040899509811697,0.40442507269553696
1055.0,-0.00013000000000000002,0.404407760631664,0.4039607080113598,0.4042391457581533,0.4038947883675843
1057.0,-0.00022,0.4046112139023162,0.40399135439866174,0.40443297469107015,0.4041718520769868
1061.0,-0.00027,0.4045563349274411,0.4038818264670747,0.4043273229099112,0.4044369412546882
1063.0,-0.0002,0.4045952230486045,0.4038874731069668,0.40387532252847297,0.4039822592879629
1066.0,-0.00023,0.4046569571677397,0.4037895463304715,0.404195094292997,0.40425340777041885
1069.0,-0.00015,0.4043395638169728,0.4041502748171197,0.40392469186022856,0.4041381437202252
1071.0,-1e-05,0.4042496689691665,0.4044290133301877,0.4041890963909697,0.4040825091681915
1074.0,-5e-05,0.4040895565810319,0.4035579784064257,0.4042951134419752,0.4040750503605484
1076.0,-0.00018,0.4042647193780465,0.4037046539322446,0.40413912465238266,0.4042574725411276
1080.0,-0.00019,0.4038104404592223,0.4037308982414489,0.40377187271607545,0.40375500040539974
1082.0,-0.00016,0.4043997965887666,0.4038773261368574,0.4040024691780589,0.4037955213334559
1085.0,-0.00019,0.4039420752799809,0.4034255570508304,0.4032383207979181,0.40368013577658757
1087.0,-2e-05,0.4035840533920042,0.40325091448173,0.40341146032842096,0.4033132088084754
1090.0,-0.00017,0.4033687514645207,0.4031773342788766,0.4033543922487183,0.40309600751570845
1092.0,-0.00012,0.4034686668214086,0.4031126671546492,0.4032129865219517,0.4032249308474843
1096.0,-5e-05,0.4031837512624543,0.4026305432230465,0.4028689085599102,0.4027830819664406
1098.0,-0.00017,0.4028269726197871,0.4027745512363276,0.4026864022675791,0.4029818909552179
1101.0,-8e-05,0.4028581456816797,0.4026274813891839,0.4028486313298562,0.40275349927388027
1103.0,-4e-05,0.40287287746015177,0.4019591849932833,0.4024027383936776,0.40253328153570767
1106.0,-4e-05,0.4024008129370321,0.4021780552790292,0.4025478007589575,0.4022278103772141
1108.0,-0.00011,0.4020735947631431,0.4018014010755761,0.4021754153692109,0.4020546540280748
1111.0,-0.00024,0.4018348498566487,0.4020571998557808,0.4021991849320993,0.40202407668283224
1114.0,2e-05,0.4024929123068445,0.4017267562860123,0.4022042627860246,0.40179055102253003
1117.0,-0.00015,0.4021204088468338,0.40156276973121946,0.40204475478903184,0.40159346851278493
1119.0,-0.00017,0.4021089304732907,0.40198603410789,0.4018230137558426,0.40167422251005364
1122.0,-0.00015,0.4023342250446794,0.40179094941478577,0.4019042725747757,0.40185469005373015
1124.0,9e-05,0.4025711041166784,0.4021361050891718,0.40218572969709293,0.40207939819396443
1127.0,-0.00025,0.4020749500035383,0.4016496667661926,0.4017512243521888,0.4016874528611312
1129.0,-2e-05,0.40223401368520695,0.4016125819250703,0.4017873435667382,0.40202361973133127
1133.0,-0.00012,0.4020680005412944,0.4016565979787022,0.40194028217316974,0.4017038658112798
1135.0,-8e-05,0.4020311328387875,0.4013456521363605,0.40176863136741,0.4015086512067823
1138.0,2e-05,0.402056932307284,0.4017160678138819,0.4017302651609943,0.40176102767201893
1140.0,-8e-05,0.4018931001412155,0.40185511866149504,0.4017910324457036,0.40180764648249806
1143.0,-9e-05,0.40195723185274657,0.4016138196194785,0.4015854114593893,0.40160671740524423
1145.0,-0.0001,0.40204591454826943,0.4019936917263156,0.4018797728163644,0.40211713760892814
1148.0,-4e-05,0.4023596669592005,0.4019154342165489,0.4022836162888103,0.40157603316194523
1151.0,1e-05,0.4021767615858137,0.4016992159150611,0.4018915965304071,0.40210782953793645
1154.0,-0.00023,0.40240837331021184,0.4019544743956031,0.4017953656348455,0.40214690762988603
1156.0,-0.00018,0.4025270112382131,0.4018428433499784,0.40187845050064425,0.40219667064291814
1159.0,1e-05,0.4027281843826838,0.4023599922413104,0.40223891336862094,0.40200871921639575
1161.0,-8e-05,0.4027415274171155,0.4023284923401189,0.4021316081548638,0.4024708738602709
1163.0,-0.00013000000000000002,0.4026132238185011,0.4022100496110006,0.4023191068773149,0.4022479794671399
1166.0,6e-05,0.40273811002707655,0.4025674582752217,0.4022855557709271,0.40242766861592905
1169.0,-3e-05,0.4025929578862661,0.40239899299441895,0.4024888683933136,0.40280357884006546
1172.0,0.00013000000000000002,0.402702900330278,0.4027997227235951,0.4021082704367324,0.4023347001203083
1174.0,-9e-05,0.4026889945160034,0.40237808933256025,0.40269370691272544,0.4026842821704135
1177.0,-5e-05,0.40277605802429295,0.4024001492034437,0.4023954524015715,0.40255282292234584
1179.0,-0.00015,0.4027470520043882,0.40244496015697395,0.40235133093092096,0.4029720009967582
1182.0,-0.00014,0.4029051373113628,0.4023310008655602,0.40244296790433853,0.4027206774120295
1184.0,-0.00014,0.4028947456747543,0.4023762239069245,0.4022066180094531,0.4023553100107655
1188.0,-0.00013000000000000002,0.4026619778165781,0.4021335421146591,0.4023826805868675,0.402535002263265
1190.0,-0.00013000000000000002,0.4023069440551494,0.4021164806228461,0.4021646622731364,0.40237580681669477
1192.0,-0.00019,0.40255544981048497,0.40191445156445815,0.40242991303206976,0.4019007750800823
1195.0,-0.00021,0.4023726013585947,0.4021732038875702,0.40205995064238825,0.4020803340470595
1197.0,-8e-05,0.4024187314573757,0.4019446095703142,0.40216025962032825,0.4020973506269317
1200.0,-8e-05,0.4022854235458461,0.4019936899181669,0.40208942820724,0.4018401074525831
1203.0,-0.00016,0.402136114828913,0.40179843936248544,0.4020176792528016,0.4020593473468296
1206.0,3e-05,0.4024905399993369,0.4019116605067979,0.4020987326424198,0.4022488836865152
1208.0,3e-05,0.4025156141471296,0.4019934206346813,0.4022263880972321,0.4020387100771817
1210.0,-0.00011,0.40281673014281183,0.4021262148438727,0.4021069901927152,0.40246599074436423
1213.0,-2e-05,0.40233520856573296,0.4022166905416229,0.4023902457873927,0.4019099637247885
1215.0,-9e-05,0.40254750841731385,0.4022939278208126,0.4019881515193464,0.4024175560614907
1218.0,-0.00011,0.4023721598323057,0.4020987646275729,0.40218987724086813,0.40212154098893477
1221.0,-7e-05,0.4022155482034698,0.4020241572894539,0.4021340949518766,0.40201194371133536
1224.0,-8e-05,0.40245676790945595,0.40216496756773934,0.4021267461852197,0.40209456236666063
1226.0,-0.0001,0.4024262767257625,0.40213584792462986,0.4020622769417517,0.4022313099375129
1228.0,-9e-05,0.402394823291414,0.4023535611844793,0.4021001799264161,0.4021669482380093
1231.0,-7e-05,0.4028872873485212,0.4020566846105916,0.4022001799578492,0.4023456628252786
1233.0,1e-05,0.4024556101695777,0.4024441100464828,0.4020322231377388,0.40239427969837527
1235.0,3e-05,0.4025811403206052,0.4025470361024448,0.4022193931641407,0.4024314806089391
1239.0,2e-05,0.4024881017366959,0.4021829628517772,0.402205282818988,0.4024229626358325
1241.0,-7e-05,0.4023286507040372,0.4017807169000157,0.4019534804521289,0.4021925220721775
1244.0,-0.00019,0.4022770277654527,0.4017427417902441,0.4018771600459382,0.401940750743032
1246.0,-0.0002,0.4020199809957779,0.4019893695502024,0.4019137505219286,0.4019785660257179
1248.0,-0.0002,0.4019703365744466,0.4015694111225421,0.4019738862400064,0.40214785540277886
1251.0,-0.00017,0.4022620269330365,0.4017398428377016,0.4019050453231685,0.40183825377230603
1253.0,-7e-05,0.40195602529229535,0.40168829105026144,0.4018777741907419,0.4016465810949456
1257.0,-1e-05,0.4018239703331604,0.4017419157333408,0.40180174568152455,0.40202233297747497
1259.0,-0.00019,0.4017489067039396,0.4015831060590464,0.4013987694609285,0.4019977264149657
1261.0,-0.00016,0.4019707227929691,0.4014346104745402,0.40150326291210464,0.40180646808083803
1264.0,-7e-05,0.40191330030273015,0.4016907384936104,0.4015761802414974,0.40166749234655047
1266.0,-0.00019,0.4014433589185217,0.4013988940144249,0.4011124515624207,0.40155042273385916
1268.0,-0.00026000000000000003,0.40158154723119815,0.4014148089064156,0.4012922480245797,0.401320025459881
1271.0,-0.00016,0.4015566006053405,0.4015274027019017,0.4012549835547175,0.40149982870653345
1274.0,-9e-05,0.4015285709885599,0.40117455811290587,0.4012306042722091,0.40153177604292706
1277.0,-2e-05,0.4018001899271813,0.4014006922950612,0.4013100209050229,0.40147069719400513
1279.0,-0.00013000000000000002,0.40156394665024,0.4013016743469383,0.4015086350945896,0.4013569595487603
1281.0,-0.00012,0.4014834409072473,0.401148005732932,0.4012968818943829,0.40145364879734685
1284.0,-0.00028,0.40157600862663695,0.40107725081519424,0.40110209745871056,0.4014609793775328
1286.0,2e-05,0.4016161932223772,0.4012310000553863,0.40147594336052456,0.4014497478570267
1288.0,-0.00013000000000000002,0.4013149653442722,0.4010553595729558,0.4011530752974134,0.40128288799396217
1292.0,-0.00019,0.4012209016252222,0.40089941944617297,0.401009571983133,0.40083605667288386
1294.0,-7e-05,0.4012627671401479,0.40088658783722575,0.4006694214960884,0.40094052182933504
1296.0,-0.00017,0.4009272874976865,0.4008930699374039,0.4006491619713057,0.40065362247263736
1299.0,-4e-05,0.4011261114267468,0.4007804590347117,0.4006446368196104,0.40089712288795437
1301.0,-0.00013000000000000002,0.4010501241066556,0.40018795421098985,0.4008006813606821,0.4005469836839666
1303.0,-0.00019,0.4007731925998309,0.4008197258134083,0.40055949468596136,0.4006089120673733
1307.0,2e-05,0.4011014821148116,0.40059724832958415,0.40078409429945705,0.4009536287945331
1309.0,-0.00018,0.4006492286819527,0.4004333186012907,0.4005081552742145,0.4007557838740472
1311.0,-0.00012,0.4006513621233623,0.40036464515173575,0.4003546134853959,0.4004807427193916
1314.0,-0.00016,0.4006792852584249,0.4002643834807056,0.400462517356793,0.4004696461591606
1316.0,-0.00022,0.4004584367540816,0.4001389297565532,0.4001815171108265,0.40037321190192093
1318.0,-0.00024,0.4003594953751092,0.4001430219562351,0.400083616750997,0.4002151677742079
1321.0,-9e-05,0.4003333486286259,0.4001345736220368,0.4000260611273527,0.40025298181925606
1324.0,-0.00019,0.4003726999627612,0.3999389437796956,0.3998940487906686,0.39991228682023466
1326.0,-0.00022,0.4001741711969386,0.400007567519094,0.3999571789958971,0.4000747613121791
1329.0,-3e-05,0.4000890351890689,0.3999704042840288,0.4000527446484994,0.3999676133587838
1331.0,-0.00027,0.4000203447805957,0.3997349109746567,0.3998365317508435,0.3998407084558424
1333.0,-0.0001,0.40006463050760455,0.3996141953952437,0.3997128618923656,0.39966977939720144
1336.0,-0.0002,0.39980531026803456,0.3994540881279663,0.3997344876868571,0.39973865340135295
1338.0,-0.0002,0.39992133750863584,0.3995052150608036,0.39957870103522697,0.3997742620223107
1341.0,-0.00014,0.39957121107224064,0.399431374892155,0.399431374892155,0.39960444609320817
1344.0,-0.00013000000000000002,0.3992665886655104,0.3991518541097882,0.3992624411053384,0.39923202687431203
1346.0,-0.00029,0.3992629265325046,0.3988702439324519,0.3989407347280648,0.39924217737065215
1348.0,-0.00013000000000000002,0.3990887957412051,0.3989794541337707,0.3990957170224937,0.3990708009260574
1350.0,-0.00019,0.39900284490078586,0.3987739837797649,0.3988197463567099,0.3989071246689061
1353.0,-0.00024,0.398700189804428,0.3986751626694991,0.39852225039679023,0.3986459661681317
1355.0,-0.0002,0.3988017939421963,0.3986637152378718,0.3986330370422339,0.3986414036079476
1358.0,-0.00027,0.39855201793860784,0.3983417526754768,0.3983543657208927,0.398619324328809
1361.0,-0.00032,0.3983671949555349,0.39818281731777616,0.3983615639452736,0.3981391974194448
1363.0,-0.00024,0.3982706650190977,0.39772818181143,0.3982084711000603,0.39819575071376917
1365.0,-0.00024,0.3980444177060637,0.3978642710879565,0.3976147425511676,0.3980316489498877
1367.0,-0.00023,0.3977888105184473,0.3976891794936235,0.3976464874788008,0.3978628369356212
1370.0,-0.00023,0.39761291783451663,0.3975229753378485,0.3975558093286168,0.3977200165280351
1372.0,-0.00029,0.3975602482220104,0.3971275426791704,0.397283668142057,0.3973839618047747
1375.0,-0.0003,0.3970280343103549,0.3967813764727132,0.3968102181094662,0.3971261594117628
1378.0,-0.00022,0.3967937533947024,0.39678214357095226,0.3968387443934176,0.39700133136780746
1380.0,-0.00021,0.3966342513153485,0.3965101118878284,0.3965174132249149,0.3967496597838822
1382.0,-0.00027,0.3966350209804684,0.3963483962690561,0.3964512654277975,0.39658797215425123
1384.0,-0.00027,0.3964935755254489,0.3962261359745812,0.3962985204811486,0.3959765758090552
1387.0,-0.00035,0.39578642381959744,0.3958175805553936,0.3956825841738814,0.3959793347709436
1389.0,-0.00031,0.3956330019883561,0.3954511397459444,0.39529170027719,0.3955182112170825
1392.0,-0.00027,0.3950987680191196,0.3948841188843942,0.3951513206852844,0.3949336438846735
1394.0,-0.00028,0.3949372650603897,0.3947743214586356,0.3948090172878136,0.394941792144349
1397.0,-0.0003,0.3944553437442057,0.3943645124941737,0.3944659419609296,0.39464312188204614
1399.0,-0.00044,0.3942796346344315,0.39419311075216384,0.3941673087206635,0.39429329787596623
1401.0,-0.00031,0.3943902317369477,0.3939521158743004,0.39409506344391176,0.3943445740409608
1403.0,-0.00034,0.3942129968981428,0.3938356921423409,0.3939482407048869,0.39421604101123064
1407.0,-0.00038,0.3938223920374975,0.3932482491898398,0.3937563423312947,0.3938515799916027
1409.0,-0.00036,0.3935591008281532,0.3935467555077888,0.3934217788996047,0.393630093231289
1411.0,-0.00031,0.3934202701490825,0.39299328179117055,0.3930739892289744,0.39345755451275943
1413.0,-0.00038,0.3927930086462476,0.3925744846998522,0.3928429724191623,0.3929460408581113
1416.0,-0.00049,0.3926091824557424,0.3925432420529683,0.39270654135246813,0.3928997534648156
1418.0,-0.00045,0.3925000263292929,0.3922466718101861,0.3924905818941013,0.3925346576822799
1420.0,-0.0005099999999999999,0.3926921776450907,0.3920815613379408,0.39252055179596895,0.39266698061231975
1423.0,-0.00047,0.3925969214269741,0.3921056744203177,0.3924367734999292,0.392666023082626
1426.0,-0.00047,0.3928004811173616,0.3923079787719018,0.3926639675161336,0.3926372974555555
1428.0,-0.00062,0.3925351366267267,0.3921884408495788,0.3924817807971816,0.39252101238684434
1430.0,-0.00041,0.39259258960006,0.3922359543773474,0.3923820294311825,0.39250615329832955
1432.0,-0.00044,0.39241976182701627,0.3921900746024625,0.3922514175194449,0.39258659719097505
1434.0,-0.00056,0.3922550085555323,0.3919196441808566,0.39248503241094573,0.3925212801563951
1437.0,-0.00022,0.3924260189009106,0.391998959960125,0.3921312875686713,0.3927493500839261
1440.0,-0.00034,0.392132258547566,0.3919008006703047,0.3920251742642017,0.3921354084850589
1442.0,-0.00037,0.3921463866494453,0.3917440378428072,0.3919680449106471,0.3919854023936712
1444.0,-0.00047,0.3918444102189562,0.3917907324149113,0.39187283056606975,0.3919786337619807
1447.0,-0.00043,0.3919566624024587,0.3916864111854647,0.3916627129593341,0.3917986003390376
1449.0,-0.0004,0.3920573430821523,0.3915307098072829,0.391650846156918,0.3916160664274286
1451.0,-0.00033,0.391795578106236,0.3916579296000167,0.3915772593750561,0.39184147063831326
1453.0,-0.00029,0.3920525630260937,0.3915727276927555,0.39166453634197895,0.39171994750413985
1456.0,-0.00024,0.3920097216250009,0.39164637293318616,0.3916400289316975,0.3914703612780441
1459.0,-0.00039,0.3913621948183844,0.3912780269126062,0.39127485108458504,0.39128596658426407
1461.0,-0.00033,0.3913494489452613,0.39133990275275415,0.3915197246253322,0.3911712879418978
1463.0,-0.00031,0.3913425449306016,0.3912899453900296,0.3912899453900296,0.3911353714929149
1465.0,-0.00035,0.3914990676141856,0.3912466516225713,0.3912195016794977,0.3912817893627
1467.0,-0.00029,0.3914212254715251,0.3912386916109769,0.3911570565574242,0.39112504699923983
1469.0,-0.00034,0.39121114084402414,0.3910008998548373,0.3909110568881831,0.39093030738789747
1473.0,-0.00035,0.3911900036447056,0.3907759594360577,0.3907824006807467,0.39094990658367673
1475.0,-0.00023,0.3909636616855814,0.39074722432238257,0.3908748124034335,0.39082635681893696
1477.0,-0.00012,0.3908806293343961,0.3906668411548502,0.3908174536907533,0.3906668411548502
1479.0,-0.00033,0.39071015794220737,0.3902958950680408,0.3902861524629824,0.390494042121715
1481.0,-0.00037,0.3905080282663416,0.3900125819750259,0.3902504560355198,0.3902113445007398
1484.0,-0.00023,0.39052622710305657,0.3905295001285666,0.3903936902950708,0.39042313942382617
1486.0,-0.00012,0.390701210476154,0.3904007055376467,0.3904138380202236,0.39031371286923083
1489.0,-0.00017,0.3903425396722917,0.39010009533861945,0.3902122296358954,0.39028315303444405
1491.0,-0.00011,0.3902271879737941,0.3902635772541095,0.3899593243949599,0.3900767010592709
1493.0,-0.00015,0.39021875705288656,0.3898637813663352,0.3894908718994382,0.38971789420118635
1495.0,-0.00016,0.38977985040787183,0.3896983697345377,0.3898896240544715,0.38962355400849236
1498.0,-0.00018,0.3897497949801509,0.3894595770200721,0.38942956553853103,0.3892595396392541
1500.0,-0.00024,0.3896375616432807,0.3892057841540688,0.3893128517192268,0.3893228906568825
1503.0,-0.00026000000000000003,0.3895168314775413,0.3889568625986997,0.3887065395703885,0.3891434386797627
1505.0,-0.00014,0.3891657745614686,0.3889769046797049,0.3889785906545757,0.3888302499150088
1507.0,-7e-05,0.3892033925722089,0.3887854820118979,0.3887110785868545,0.38859611654180765
1509.0,-0.00019,0.3891394537291682,0.38872338880165785,0.3886164650731663,0.3886775611231163
1511.0,-0.00013000000000000002,0.3886789218870949,0.3882497283015468,0.3886891459534338,0.3884404286436349
1514.0,-7e-05,0.3888556940806711,0.38848753542281983,0.3884652846695148,0.3884259207445771
1516.0,-0.00024,0.3886953176491981,0.3884062788910062,0.3881689980187572,0.3882601122960327
1519.0,-0.00016,0.38824967518104575,0.3879394369690495,0.3878788017606848,0.38804166977360033
1521.0,-7e-05,0.3881755738714778,0.3876527264044552,0.3873932792603312,0.38757609501212864
1523.0,-0.00028,0.3875989640064799,0.3871711947241728,0.3870415446424823,0.38725881804671397
1525.0,-0.00013000000000000002,0.3873603855056855,0.38672049734805697,0.3871416950817507,0.3869072543026414
1527.0,-0.00016,0.3869621516068785,0.3864777043691096,0.3866533205933612,0.3866994538025199
1530.0,-0.0001,0.3869014387013252,0.3863975566267525,0.3860369788539729,0.38640112820085476
1532.0,-0.00029,0.3862168495061893,0.3859566666722334,0.38586877804368586,0.3860876357880795
1535.0,-0.00016,0.38581557463461336,0.3855132907746149,0.3853312935621205,0.38547142466165674
1537.0,-0.00025,0.3856776526811817,0.3848860604777957,0.38493549274221706,0.3850874864272824
1539.0,-0.0002,0.3851018014032313,0.3850279308046388,0.3846347813242595,0.3846181772085955
1541.0,-0.00015,0.3849064696852497,0.38475011339523385,0.3845640483215239,0.38477244656194187
1543.0,-0.00011,0.3846166882209843,0.3839563895540149,0.3842282659992331,0.38416637570885404
1545.0,-0.00016,0.3839065694866295,0.3835963712885617,0.3835207467894301,0.3836209520864225
1547.0,-0.00015,0.38371328738612,0.3836655695345669,0.3830419023460874,0.3830857395758497
1551.0,-0.00017,0.3833322541073456,0.3829939033195728,0.3827601119644439,0.383042223010442
1553.0,3e-05,0.3829246308886291,0.38278607847703416,0.38227908042517106,0.3825481056854946
1555.0,-0.0001,0.3824957657259051,0.3822987603144927,0.3823539128222014,0.3821687856804523
1557.0,-7e-05,0.3822756753412876,0.3817805080474901,0.381887845793636,0.38200316404103846
1559.0,-6e-05,0.3815737219538655,0.3812786065089414,0.3813227606878049,0.3814351734038778
1561.0,-0.00022,0.38147370887782345,0.3808893278260221,0.3812483855412917,0.38133971875042655
1563.0,-0.00033,0.3809246205136125,0.3804305786998879,0.3805986128424056,0.380446969413031
1566.0,-0.00021,0.3804482828290975,0.37995663179068734,0.3801044852291252,0.3798067472962073
1568.0,-4e-05,0.38027694693459024,0.3792471863432721,0.3793481591323585,0.3798281007359806
1570.0,-5e-05,0.3797091615645334,0.37921723857772255,0.3793002514252841,0.3790299858118965
1573.0,-0.00023,0.3792187481505247,0.3789688701116748,0.3790442492033492,0.378635205597018
1575.0,-0.00017,0.3788312071236486,0.37855013504136464,0.3783497916024973,0.37819959465066183
1577.0,5e-05,0.3784013228545972,0.3777977321146659,0.3778813916929174,0.37784836624999124
1579.0,-7e-05,0.3779449920271105,0.3776149606729295,0.3776015863118529,0.3775480929858817
1582.0,-7e-05,0.3770714669579032,0.37667900380122815,0.3770465020919461,0.3765928455075298
1584.0,-5e-05,0.3770636403967965,0.3764340548296177,0.3765695454405941,0.37635599468844516
1586.0,-0.00013000000000000002,0.37674008948781496,0.37595129425276935,0.37591177584807695,0.3761047527372345
1588.0,-0.00016,0.3764052804231039,0.3756369678123933,0.3752909642396067,0.3754109750693328
1590.0,-0.00015,0.3759138626235741,0.37541275630372906,0.3752339297927475,0.3751266692198991
1592.0,-8e-05,0.3755244295200521,0.3751738010199921,0.3748910863100398,0.37474376099965834
1595.0,-0.0002,0.3744411140871728,0.3741011613848417,0.3741898190469803,0.3743203757728208
1597.0,-0.00016,0.3742447217828044,0.3740049442862593,0.3738950904940234,0.3735981250462417
1599.0,-0.00022,0.37396706969176974,0.3736430448825933,0.3732080168869419,0.37320801688694194
1602.0,1e-05,0.37351217805950576,0.37359684810714217,0.3729686304517539,0.3734531753624197
1604.0,-0.00043,0.3731118339846258,0.3726594032306346,0.3725294815241477,0.3724723282839973
1606.0,-0.00014,0.37284461450378337,0.37269112269531335,0.3727149368342087,0.37247685418704485
1608.0,-0.00013000000000000002,0.37279888547923024,0.3723659938509054,0.3721336929780073,0.37232059195747597
1611.0,-0.00026000000000000003,0.3721359631425525,0.37162159714571535,0.3714083686573009,0.3713345831807571
1613.0,-0.00016,0.3721738657787803,0.3718876896533465,0.3714324193869593,0.3715267654785117
1615.0,-0.00018,0.3715506212859573,0.37137574138570506,0.37109664358863104,0.37122630308560944
1617.0,-0.00026000000000000003,0.3709775376523068,0.3711780813143542,0.3712898529659874,0.3712439944494594
1619.0,-0.00021,0.3711689327657454,0.3707579105618163,0.3705773004517041,0.3702890625194299
1621.0,-0.00057,0.370933049519261,0.3707699542665364,0.3700293831736559,0.37022773238952444
1623.0,-0.00022,0.3706842121989397,0.3704825248884836,0.37026889871400825,0.3701094997576241
1626.0,-0.00012,0.3701388264613024,0.3703435667547079,0.3698102030021292,0.37015123221669577
1628.0,-9e-05,0.3702902207879308,0.370166989338816,0.3695576658138444,0.3695103448470375
1630.0,-0.00041,0.3693432556547157,0.3690538181805925,0.3692821361230616,0.3687902763160861
1632.0,-0.00026000000000000003,0.3696688131436498,0.3688549927270954,0.36911734885459657,0.36871076438419387
1634.0,-0.0004,0.3695859485053838,0.3688889486548771,0.3685642875290946,0.36840037567718326
1636.0,-0.00024,0.3693485642904112,0.3684878309418979,0.3695332293012077,0.36861410166027303
1638.0,-0.00026000000000000003,0.3690123838578958,0.3686949693872977,0.36837430250005604,0.3684265689926438
1641.0,-0.0002,0.3683170684839941,0.3678931667449918,0.3681553622297882,0.3680116738664883
1643.0,-0.00024,0.3687929067180727,0.3675635403462736,0.3681319191067125,0.36796682927341384
1645.0,-0.00022,0.3681888815950107,0.367600515773956,0.36839143382634093,0.36778780693438845
1647.0,-7e-05,0.3676198139557463,0.36716034432656897,0.367309618643088,0.36731727511947593
1649.0,-0.00032,0.3681208002554396,0.3668397928854656,0.36719590189719775,0.3674191080142378
1651.0,-0.00038,0.3684200613214712,0.3669667510137445,0.3672554200177167,0.36741988675893006
1653.0,-0.00055,0.3674783797473379,0.36680376657647257,0.3670340044925983,0.3665613264561417
1656.0,-0.0005099999999999999,0.3674096308385309,0.3665193582980091,0.3669300265541613,0.3666904228813292
1658.0,-0.0008699999999999999,0.3669197947526423,0.3662541078641055,0.3665846195075248,0.3656950144208317
1660.0,-0.0009,0.3666040187329661,0.3658939184880134,0.36635808338774617,0.3650487751617291
1662.0,-0.00137,0.36636873543172943,0.36483375832424103,0.3660151157255905,0.3651111591470609
1664.0,-0.00159,0.36671298777970784,0.3652684476059651,0.3654738178456697,0.36462362980088836
1666.0,-0.0019,0.3658073552434011,0.364211179393081,0.3638295788326272,0.3636922846710016
1668.0,-0.00201,0.3641827310396173,0.3637552389898889,0.3634082112769149,0.36289618471178725
1671.0,-0.00223,0.3635591235077423,0.3620153867362329,0.361887954608108,0.3611588355081261
1673.0,-0.0036,0.3610553662947827,0.3599925239145222,0.35963470921538343,0.3601530193541923
1675.0,-0.00413,0.3617182628809473,0.3595884179322978,0.35983414789000123,0.3582691688293937
1677.0,-0.00448,0.35975698727958955,0.35828634074855986,0.3586751451450772,0.35689238949245705
1679.0,-0.00596,0.3576381899590083,0.3570790344073382,0.3563948520654426,0.3556725195357777
1681.0,-0.00603,0.3586689262128413,0.3567272902545933,0.3557553838011912,0.3561109186637177
1684.0,-0.0058,0.3562836377817264,0.35572117943491105,0.3552717366494563,0.354211262639448
1686.0,-0.008190000000000001,0.3555077776914128,0.3524921899877665,0.3538082175404039,0.3530638859367664
1688.0,-0.00625,0.3584545889673111,0.3540262208287651,0.3542071445576997,0.3532645835842223
1690.0,-0.00759,0.3547659833038864,0.35242705284315284,0.3541507937156925,0.3524562118657167
1692.0,-0.00618,0.35694228963940283,0.35626096505274546,0.3555143980964548,0.352919712841388
1694.0,-0.006640000000000001,0.35904902632286284,0.35546514536214346,0.3557268361140851,0.3538424494106492
1696.0,-0.00847,0.3584441801207317,0.3532210420706187,0.3547099692980943,0.351320132474951
1699.0,-0.00571,0.3586764374892336,0.35663093413772257,0.3600789236274277,0.35558695651504596
1701.0,-0.00718,0.36026200279664394,0.3592822539608302,0.35616182855474715,0.35215501109790026
